year,conflict,ea_disb,ea_count
2018,Conflict,620010412.867549,294
2018,Non-conflict,45711016.9121313,70
2019,Conflict,303914778.261041,269
2019,Non-conflict,40470392.877451,124
2020,Conflict,150008164.58641,178
2020,Non-conflict,42987495.0329253,120
2021,Conflict,75768783.6195043,133
2021,Non-conflict,50944409.2599454,94
,Non-conflict,0,155
