year,fund,amount
2020,Central Emergency Response Fund,825967755.680476
2020,Start Network,765101.601931266
2020,DREF,27308556.5763683
2021,Central Emergency Response Fund,576972284.29277
2021,Start Network,451624.61857411
2021,DREF,30809554.6240408
