year,fund,amount
2020,Start Network,737953.925912143
2020,Central Emergency Response Fund,838434439.785907
2020,DREF,27305571.3531454
2021,Start Network,417746.897415466
2021,Central Emergency Response Fund,599517569.960848
2021,DREF,30803409.5582297
